{
    "threshold": 568.0,
    "accuracy": 0.6440677966101694,
    "precision": 0.5918367346938775,
    "recall": 0.9666666666666667,
    "f1_score": 0.7341772151898734,
    "metrics_vs_threshold": {
        "thresholds": [
            468.0,
            478.0,
            488.0,
            498.0,
            508.0,
            518.0,
            528.0,
            538.0,
            548.0,
            558.0,
            568.0,
            578.0,
            588.0,
            598.0,
            608.0,
            618.0,
            628.0,
            638.0,
            648.0,
            658.0,
            668.0,
            678.0,
            688.0,
            698.0,
            708.0,
            718.0,
            728.0,
            738.0,
            748.0,
            758.0,
            768.0,
            778.0,
            788.0,
            798.0,
            808.0,
            818.0,
            828.0,
            838.0,
            848.0,
            858.0,
            868.0,
            878.0,
            888.0,
            898.0,
            908.0,
            918.0,
            928.0,
            938.0,
            948.0,
            958.0,
            968.0,
            978.0,
            988.0,
            998.0,
            1008.0,
            1018.0,
            1028.0,
            1038.0,
            1048.0,
            1058.0,
            1068.0,
            1078.0,
            1088.0,
            1098.0,
            1108.0,
            1118.0,
            1128.0,
            1138.0,
            1148.0,
            1158.0,
            1168.0,
            1178.0,
            1188.0,
            1198.0,
            1208.0,
            1218.0,
            1228.0,
            1238.0,
            1248.0,
            1258.0,
            1268.0,
            1278.0,
            1288.0,
            1298.0,
            1308.0,
            1318.0,
            1328.0,
            1338.0,
            1348.0,
            1358.0,
            1368.0,
            1378.0,
            1388.0,
            1398.0,
            1408.0,
            1418.0,
            1428.0,
            1438.0,
            1448.0,
            1458.0,
            1468.0,
            1478.0,
            1488.0,
            1498.0,
            1508.0,
            1518.0,
            1528.0
        ],
        "accuracies": [
            0.4915254237288136,
            0.4915254237288136,
            0.5084745762711864,
            0.5084745762711864,
            0.5254237288135594,
            0.5423728813559322,
            0.5423728813559322,
            0.576271186440678,
            0.5932203389830508,
            0.6101694915254238,
            0.6440677966101694,
            0.6440677966101694,
            0.6440677966101694,
            0.6440677966101694,
            0.6271186440677966,
            0.6101694915254238,
            0.6101694915254238,
            0.576271186440678,
            0.559322033898305,
            0.5932203389830508,
            0.6101694915254238,
            0.6101694915254238,
            0.5932203389830508,
            0.6271186440677966,
            0.5932203389830508,
            0.5932203389830508,
            0.5932203389830508,
            0.5932203389830508,
            0.6271186440677966,
            0.6101694915254238,
            0.5932203389830508,
            0.5932203389830508,
            0.6101694915254238,
            0.5932203389830508,
            0.576271186440678,
            0.576271186440678,
            0.576271186440678,
            0.6101694915254238,
            0.6101694915254238,
            0.6101694915254238,
            0.6101694915254238,
            0.6101694915254238,
            0.576271186440678,
            0.576271186440678,
            0.559322033898305,
            0.559322033898305,
            0.559322033898305,
            0.576271186440678,
            0.576271186440678,
            0.5932203389830508,
            0.5932203389830508,
            0.5932203389830508,
            0.5932203389830508,
            0.5932203389830508,
            0.5932203389830508,
            0.5932203389830508,
            0.5932203389830508,
            0.5932203389830508,
            0.5932203389830508,
            0.5932203389830508,
            0.5932203389830508,
            0.576271186440678,
            0.559322033898305,
            0.559322033898305,
            0.559322033898305,
            0.559322033898305,
            0.5423728813559322,
            0.5254237288135594,
            0.5254237288135594,
            0.5254237288135594,
            0.5084745762711864,
            0.5084745762711864,
            0.5084745762711864,
            0.5084745762711864,
            0.5084745762711864,
            0.5084745762711864,
            0.5084745762711864,
            0.5084745762711864,
            0.5084745762711864,
            0.5084745762711864,
            0.5423728813559322,
            0.5423728813559322,
            0.5423728813559322,
            0.5423728813559322,
            0.5254237288135594,
            0.5084745762711864,
            0.5084745762711864,
            0.5084745762711864,
            0.5084745762711864,
            0.5084745762711864,
            0.5084745762711864,
            0.5084745762711864,
            0.5084745762711864,
            0.5084745762711864,
            0.5084745762711864,
            0.5084745762711864,
            0.5084745762711864,
            0.5084745762711864,
            0.5084745762711864,
            0.5084745762711864,
            0.5084745762711864,
            0.5084745762711864,
            0.4915254237288136,
            0.4915254237288136,
            0.4915254237288136,
            0.4915254237288136,
            0.4915254237288136
        ],