{
    "params": {
        "lfreq": 2,
        "hfreq": 50,
        "notch_filter": [
            50,
            60
        ],
        "baseline": [
            null,
            null
        ],
        "tmin": 0.5,
        "tmax": 1
    },
    "split": 42,
    "accuracy": 0.6898496240601504,
    "f1_score": 0.6796116504854369,
    "timestamp": "RandomForestModel2024-11-15 20:49:28"
}