{
    "params": {
        "lfreq": 3,
        "hfreq": 50,
        "notch_filter": [
            50,
            60
        ],
        "baseline": [
            null,
            null
        ],
        "tmin": 0.5,
        "tmax": 1
    },
    "split": 42,
    "accuracy": 0.7030075187969925,
    "f1_score": 0.6996197718631179,
    "timestamp": "RandomForestModel2024-11-15 20:57:38"
}