{
    "params": {
        "lfreq": 0.1,
        "hfreq": 15,
        "notch_filter": [
            50
        ],
        "baseline": [
            -0.2,
            0
        ],
        "tmin": -0.2,
        "tmax": 0.4
    },
    "split": 42,
    "accuracy": 0.6074766355140186,
    "f1_score": 0.573170731707317,
    "timestamp": "RandomForestModel2024-11-15 21:21:52"
}