{
    "params": {
        "lfreq": 0.5,
        "hfreq": 25,
        "notch_filter": [
            60
        ],
        "baseline": [
            null,
            null
        ],
        "tmin": 0,
        "tmax": 0.3
    },
    "split": 42,
    "accuracy": 0.5794392523364486,
    "f1_score": 0.5579567779960707,
    "timestamp": "RandomForestModel2024-11-15 21:20:12"
}