{
    "params": {
        "lfreq": 0.1,
        "hfreq": 70,
        "notch_filter": [
            50,
            100
        ],
        "baseline": [
            -0.2,
            0
        ],
        "tmin": -0.2,
        "tmax": 0.8
    },
    "split": 42,
    "accuracy": 0.799249530956848,
    "f1_score": 0.7946257197696737,
    "timestamp": "RandomForestModel2024-11-15 21:03:57"
}