{
    "params": {
        "lfreq": 4,
        "hfreq": 30,
        "notch_filter": [
            50,
            60
        ],
        "baseline": [
            null,
            null
        ],
        "tmin": 0.5,
        "tmax": 1
    },
    "split": 42,
    "accuracy": 0.6390977443609023,
    "f1_score": 0.6175298804780877,
    "timestamp": "RandomForestModel2024-11-15 21:00:07"
}