{
    "params": {
        "lfreq": 1,
        "hfreq": 40,
        "notch_filter": [
            50,
            60
        ],
        "tmin": 0,
        "tmax": 0.5
    },
    "split": 42,
    "accuracy": 0.7214953271028037,
    "f1_score": 0.7084148727984344,
    "timestamp": "RandomForestModel2024-11-15 20:39:38"
}