{
    "params": {
        "lfreq": 1,
        "hfreq": 30,
        "notch_filter": [
            50,
            60
        ],
        "baseline": [
            0.5,
            1
        ],
        "tmin": 0.5,
        "tmax": 1
    },
    "split": 42,
    "accuracy": 0.6259398496240601,
    "f1_score": 0.5963488843813387,
    "timestamp": "RandomForestModel2024-11-15 20:38:22"
}