{
    "params": {
        "lfreq": 0.5,
        "hfreq": 30,
        "notch_filter": [
            50,
            100
        ],
        "baseline": [
            null,
            null
        ],
        "tmin": 0.5,
        "tmax": 1
    },
    "split": 42,
    "accuracy": 0.6334586466165414,
    "f1_score": 0.6213592233009708,
    "timestamp": "RandomForestModel2024-11-15 20:51:24"
}