{
    "params": {
        "lfreq": 3,
        "hfreq": 40,
        "notch_filter": [
            50,
            60
        ],
        "baseline": [
            null,
            null
        ],
        "tmin": 0,
        "tmax": 0.5
    },
    "split": 42,
    "accuracy": 0.719626168224299,
    "f1_score": 0.7058823529411765,
    "timestamp": "RandomForestModel2024-11-15 20:54:25"
}