{
    "params": {
        "lfreq": 3,
        "hfreq": 30,
        "notch_filter": [
            50,
            60
        ],
        "baseline": [
            null,
            null
        ],
        "tmin": 0,
        "tmax": 0.5
    },
    "split": 42,
    "accuracy": 0.6616822429906543,
    "f1_score": 0.6328600405679513,
    "timestamp": "RandomForestModel2024-11-15 20:52:25"
}