{
    "params": {
        "lfreq": 8,
        "hfreq": 13,
        "notch_filter": [
            50
        ],
        "baseline": [
            -0.2,
            0
        ],
        "tmin": -0.2,
        "tmax": 0.5
    },
    "split": 42,
    "accuracy": 0.6598130841121496,
    "f1_score": 0.6431372549019608,
    "timestamp": "RandomForestModel2024-11-15 21:16:00"
}