{
    "params": {
        "lfreq": 0.5,
        "hfreq": 30,
        "notch_filter": [
            50,
            60
        ],
        "baseline": [
            null,
            null
        ],
        "tmin": 0.5,
        "tmax": 1
    },
    "split": 42,
    "accuracy": 0.6447368421052632,
    "f1_score": 0.6197183098591549,
    "timestamp": "RandomForestModel2024-11-15 20:31:29"
}