{
    "params": {
        "lfreq": 2,
        "hfreq": 50,
        "notch_filter": [
            50,
            60
        ],
        "baseline": [
            null,
            null
        ],
        "tmin": 0,
        "tmax": 0.5
    },
    "split": 42,
    "accuracy": 0.7345794392523365,
    "f1_score": 0.7258687258687259,
    "timestamp": "RandomForestModel2024-11-15 20:46:26"
}