{
    "params": {
        "lfreq": 0.5,
        "hfreq": 50,
        "notch_filter": [
            50,
            60
        ],
        "baseline": [
            null,
            null
        ],
        "tmin": 0,
        "tmax": 0.5
    },
    "split": 42,
    "accuracy": 0.7214953271028037,
    "f1_score": 0.7214953271028037,
    "timestamp": "RandomForestModel2024-11-15 20:35:48"
}