{
    "params": {
        "lfreq": 4,
        "hfreq": 30,
        "notch_filter": [
            50,
            60
        ],
        "baseline": [
            null,
            null
        ],
        "tmin": 0,
        "tmax": 0.5
    },
    "split": 42,
    "accuracy": 0.6953271028037383,
    "f1_score": 0.6797642436149313,
    "timestamp": "RandomForestModel2024-11-15 20:58:44"
}