{
    "params": {
        "lfreq": 8,
        "hfreq": 30,
        "notch_filter": [
            60
        ],
        "baseline": [
            null,
            null
        ],
        "tmin": 0,
        "tmax": 0.5
    },
    "split": 42,
    "accuracy": 0.7046728971962617,
    "f1_score": 0.6901960784313725,
    "timestamp": "RandomForestModel2024-11-15 21:06:30"
}