{
    "params": {
        "lfreq": 2,
        "hfreq": 40,
        "notch_filter": [
            50,
            60
        ],
        "baseline": [
            0,
            0.5
        ],
        "tmin": 0,
        "tmax": 1
    },
    "split": 42,
    "accuracy": 0.7424812030075187,
    "f1_score": 0.7360308285163777,
    "timestamp": "RandomForestModel2024-11-15 20:48:27"
}