{
    "params": {
        "lfreq": 4,
        "hfreq": 40,
        "notch_filter": [
            50,
            60
        ],
        "baseline": [
            null,
            null
        ],
        "tmin": 0.5,
        "tmax": 1
    },
    "split": 42,
    "accuracy": 0.6879699248120301,
    "f1_score": 0.6719367588932806,
    "timestamp": "RandomForestModel2024-11-15 21:02:51"
}