{
    "params": {
        "lfreq": 0.5,
        "hfreq": 40,
        "notch_filter": [
            50,
            60
        ],
        "baseline": [
            null,
            null
        ],
        "tmin": 0.5,
        "tmax": 1
    },
    "split": 42,
    "accuracy": 0.7105263157894737,
    "f1_score": 0.7038461538461539,
    "timestamp": "RandomForestModel2024-11-15 20:34:17"
}