{
    "params": {
        "lfreq": 0.5,
        "hfreq": 100,
        "notch_filter": [
            50,
            100
        ],
        "baseline": [
            -0.1,
            0
        ],
        "tmin": -0.1,
        "tmax": 1
    },
    "split": 42,
    "accuracy": 0.8026315789473685,
    "f1_score": 0.7969052224371374,
    "timestamp": "RandomForestModel2024-11-15 20:43:55"
}