{
    "params": {
        "lfreq": 3,
        "hfreq": 40,
        "notch_filter": [
            50,
            60
        ],
        "baseline": [
            null,
            null
        ],
        "tmin": 0.5,
        "tmax": 1
    },
    "split": 42,
    "accuracy": 0.6804511278195489,
    "f1_score": 0.66796875,
    "timestamp": "RandomForestModel2024-11-15 20:55:29"
}