{
    "best_params": {
        "model__max_depth": 20,
        "model__min_samples_split": 2,
        "model__n_estimators": 100
    },
    "best_score_cv": 0.5621465038845728,
    "test_score": 0.5507518796992481,
    "cv_results": {
        "mean_fit_time": [
            5.938871574401856,
            5.807141304016113,
            5.280824995040893
        ],
        "std_fit_time": [
            0.24874063204805655,
            0.29642274530039137,
            0.09456759682218406
        ],
        "mean_score_time": [
            0.017043018341064455,
            0.015302133560180665,
            0.010393571853637696
        ],
        "std_score_time": [
            0.007292835217421361,
            0.0035997531918182334,
            0.0012587741753051465
        ],
        "param_model__max_depth": [
            20,
            20,
            20
        ],
        "param_model__min_samples_split": [
            2,
            5,
            10
        ],
        "param_model__n_estimators": [
            100,
            100,
            100
        ],
        "params": [
            {
                "model__max_depth": 20,
                "model__min_samples_split": 2,
                "model__n_estimators": 100
            },
            {
                "model__max_depth": 20,
                "model__min_samples_split": 5,
                "model__n_estimators": 100
            },
            {
                "model__max_depth": 20,
                "model__min_samples_split": 10,
                "model__n_estimators": 100
            }
        ],
        "split0_test_score": [
            0.5247058823529411,
            0.5505882352941176,
            0.5576470588235294
        ],
        "split1_test_score": [
            0.5952941176470589,
            0.5764705882352941,
            0.5811764705882353
        ],
        "split2_test_score": [
            0.5858823529411765,
            0.5552941176470588,
            0.5694117647058824
        ],
        "split3_test_score": [
            0.5435294117647059,
            0.548235294117647,
            0.5270588235294118
        ],
        "split4_test_score": [
            0.5613207547169812,
            0.5589622641509434,
            0.5400943396226415
        ],
        "mean_test_score": [
            0.5621465038845728,
            0.5579100998890122,
            0.55507769145394
        ],
        "std_test_score": [
            0.026119850497072526,
            0.009996536482566123,
            0.0195078003313819
        ],
        "rank_test_score": [
            1,
            2,
            3
        ]
    },
    "model_name": "RandomForestClassifier",
    "search_type": "model_selection_grid_search",
    "cv_folds": 5,
    "date": "2024-09-21 23:40:30.421082"
}