{
    "best_params": {
        "model__max_depth": 20,
        "model__min_samples_split": 5,
        "model__n_estimators": 200
    },
    "best_score_cv": 0.5630788013318535,
    "test_score": 0.6015037593984962,
    "cv_results": {
        "mean_fit_time": [
            2.986249876022339,
            5.827979469299317,
            9.967041492462158
        ],
        "std_fit_time": [
            0.0895646020432254,
            0.26205520623457823,
            0.44754814637466617
        ],
        "mean_score_time": [
            0.013936758041381836,
            0.01632852554321289,
            0.014844179153442383
        ],
        "std_score_time": [
            0.0035205203051949323,
            0.0063811994122899285,
            0.0010797045158506904
        ],
        "param_model__max_depth": [
            20,
            20,
            20
        ],
        "param_model__min_samples_split": [
            5,
            5,
            5
        ],
        "param_model__n_estimators": [
            50,
            100,
            200
        ],
        "params": [
            {
                "model__max_depth": 20,
                "model__min_samples_split": 5,
                "model__n_estimators": 50
            },
            {
                "model__max_depth": 20,
                "model__min_samples_split": 5,
                "model__n_estimators": 100
            },
            {
                "model__max_depth": 20,
                "model__min_samples_split": 5,
                "model__n_estimators": 200
            }
        ],
        "split0_test_score": [
            0.56,
            0.5505882352941176,
            0.5435294117647059
        ],
        "split1_test_score": [
            0.5741176470588235,
            0.5764705882352941,
            0.6258823529411764
        ],
        "split2_test_score": [
            0.5411764705882353,
            0.5552941176470588,
            0.5529411764705883
        ],
        "split3_test_score": [
            0.5341176470588235,
            0.548235294117647,
            0.5505882352941176
        ],
        "split4_test_score": [
            0.5424528301886793,
            0.5589622641509434,
            0.5424528301886793
        ],
        "mean_test_score": [
            0.5503729189789123,
            0.5579100998890122,
            0.5630788013318535
        ],
        "std_test_score": [
            0.014615260074450274,
            0.009996536482566123,
            0.031656535156465965
        ],
        "rank_test_score": [
            3,
            2,
            1
        ]
    },
    "model_name": "RandomForestClassifier",
    "search_type": "model_selection_grid_search_v2",
    "cv_folds": 5,
    "date": "2024-09-21 23:51:16.753281"
}