{
    "best_params": {
        "model__max_depth": null,
        "model__min_samples_split": 5,
        "model__n_estimators": 100
    },
    "best_score_cv": 0.5630754716981132,
    "test_score": 0.5733082706766918,
    "cv_results": {
        "mean_fit_time": [
            6.2732971668243405,
            5.519184637069702,
            6.819676208496094,
            5.776998710632324
        ],
        "std_fit_time": [
            0.19054057373077374,
            0.1559339206478875,
            0.1625221231314482,
            0.7632999783839609
        ],
        "mean_score_time": [
            0.018774032592773438,
            0.013078975677490234,
            0.017032146453857422,
            0.012189769744873047
        ],
        "std_score_time": [
            0.006449492272609276,
            0.0035990413962044302,
            0.003983251861683778,
            0.00264659686390143
        ],
        "param_model__max_depth": [
            null,
            10,
            20,
            30
        ],
        "param_model__min_samples_split": [
            5,
            5,
            5,
            5
        ],
        "param_model__n_estimators": [
            100,
            100,
            100,
            100
        ],
        "params": [
            {
                "model__max_depth": null,
                "model__min_samples_split": 5,
                "model__n_estimators": 100
            },
            {
                "model__max_depth": 10,
                "model__min_samples_split": 5,
                "model__n_estimators": 100
            },
            {
                "model__max_depth": 20,
                "model__min_samples_split": 5,
                "model__n_estimators": 100
            },
            {
                "model__max_depth": 30,
                "model__min_samples_split": 5,
                "model__n_estimators": 100
            }
        ],
        "split0_test_score": [
            0.5576470588235294,
            0.5670588235294117,
            0.5505882352941176,
            0.5576470588235294
        ],
        "split1_test_score": [
            0.6164705882352941,
            0.571764705882353,
            0.5764705882352941,
            0.6164705882352941
        ],
        "split2_test_score": [
            0.56,
            0.5552941176470588,
            0.5552941176470588,
            0.56
        ],
        "split3_test_score": [
            0.5458823529411765,
            0.5341176470588235,
            0.548235294117647,
            0.5458823529411765
        ],
        "split4_test_score": [
            0.535377358490566,
            0.5542452830188679,
            0.5589622641509434,
            0.535377358490566
        ],
        "mean_test_score": [
            0.5630754716981132,
            0.5564961154273029,
            0.5579100998890122,
            0.5630754716981132
        ],
        "std_test_score": [
            0.028116733346426292,
            0.01305379292503147,
            0.009996536482566123,
            0.028116733346426292
        ],
        "rank_test_score": [
            1,
            4,
            3,
            1
        ]
    },
    "model_name": "RandomForestClassifier",
    "search_type": "model_selection_grid_search_v3",
    "cv_folds": 5,
    "date": "2024-09-22 15:42:47.962774"
}