{
    "best_params": {
        "model__C": 1,
        "model__class_weight": null,
        "model__gamma": "scale",
        "model__kernel": "rbf"
    },
    "best_score_cv": 0.5216625971143174,
    "test_score": 0.49624060150375937,
    "cv_results": {
        "mean_fit_time": [
            8.652442693710327,
            8.329288339614868,
            8.03778429031372,
            7.8948352336883545,
            7.739680910110474,
            8.091311645507812,
            7.742340993881226,
            7.943504762649536,
            14.017430782318115,
            7.205006647109985,
            14.182656717300414,
            6.435662794113159,
            15.862514162063599,
            6.925584506988526,
            34.64927282333374,
            15.440396738052367,
            86.92509598731995,
            9.133333492279053,
            77.30035004615783,
            6.847862291336059,
            75.03354887962341,
            5.2245683670043945,
            58.06322484016418,
            6.231031513214111
        ],
        "std_fit_time": [
            0.08426131320496917,
            0.24810396637408097,
            0.0943832532574024,
            0.08473535627916622,
            0.30765413534912356,
            0.08411580556409975,
            0.21215922721637379,
            0.11132713390491782,
            0.9276960291312503,
            0.28240786859729833,
            0.9788449456487828,
            0.8296242572664673,
            1.4751378010264915,
            1.677307527509441,
            4.105775660337425,
            3.464159137911835,
            13.016391516781008,
            2.5017427985896434,
            15.147229383864635,
            0.5246623904663187,
            8.099883255360178,
            0.6316098255708114,
            8.509363984472264,
            0.12980902528840585
        ],
        "mean_score_time": [
            1.4375221729278564,
            3.1666697025299073,
            1.4495861053466796,
            2.975130796432495,
            1.299311923980713,
            2.852002429962158,
            1.388023042678833,
            3.1159591674804688,
            1.514266014099121,
            2.296174192428589,
            1.2857061862945556,
            2.833774042129517,
            1.5265451908111571,
            4.549248456954956,
            4.042408561706543,
            9.619555950164795,
            0.957892894744873,
            4.5150628089904785,
            0.9128605842590332,
            4.861355018615723,
            0.8572542190551757,
            2.763346242904663,
            0.5813981056213379,
            3.205659866333008
        ],
        "std_score_time": [
            0.08041920967508245,
            0.08414446488028021,
            0.03761904326271942,
            0.23064864064990726,
            0.13097312176526932,
            0.047715326595380705,
            0.18296827951907615,
            0.05628561546349469,
            0.05728359450632852,
            0.5243398153828018,
            0.24149580031201842,
            0.337680574331085,
            0.4171441302919861,
            2.041106538720063,
            0.6831629530048356,
            2.061582883576024,
            0.31975938237221946,
            0.32838709876476285,
            0.14176281422794754,
            0.3260287292290978,
            0.16236477944351785,
            0.3811296739459611,
            0.06586130002672,
            0.7830088003804204
        ],
        "param_model__C": [
            0.1,
            0.1,
            0.1,
            0.1,
            0.1,
            0.1,
            0.1,
            0.1,
            1.0,
            1.0,
            1.0,
            1.0,
            1.0,
            1.0,
            1.0,
            1.0,
            10.0,
            10.0,
            10.0,
            10.0,
            10.0,
            10.0,
            10.0,
            10.0
        ],
        "param_model__class_weight": [
            null,
            null,
            null,
            null,
            "balanced",
            "balanced",
            "balanced",
            "balanced",
            null,
            null,
            null,
            null,
            "balanced",
            "balanced",
            "balanced",
            "balanced",
            null,
            null,
            null,
            null,
            "balanced",
            "balanced",
            "balanced",
            "balanced"
        ],
        "param_model__gamma": [
            "scale",
            "scale",
            "auto",
            "auto",
            "scale",
            "scale",
            "auto",
            "auto",
            "scale",
            "scale",
            "auto",
            "auto",
            "scale",
            "scale",
            "auto",
            "auto",
            "scale",
            "scale",
            "auto",
            "auto",
            "scale",
            "scale",
            "auto",
            "auto"
        ],
        "param_model__kernel": [
            "linear",
            "rbf",
            "linear",
            "rbf",
            "linear",
            "rbf",
            "linear",
            "rbf",
            "linear",
            "rbf",
            "linear",
            "rbf",
            "linear",
            "rbf",
            "linear",
            "rbf",
            "linear",
            "rbf",
            "linear",
            "rbf",
            "linear",
            "rbf",
            "linear",
            "rbf"
        ],
        "params": [
            {
                "model__C": 0.1,
                "model__class_weight": null,
                "model__gamma": "scale",
                "model__kernel": "linear"
            },
            {
                "model__C": 0.1,
                "model__class_weight": null,
                "model__gamma": "scale",
                "model__kernel": "rbf"
            },
            {
                "model__C": 0.1,
                "model__class_weight": null,
                "model__gamma": "auto",
                "model__kernel": "linear"
            },
            {
                "model__C": 0.1,
                "model__class_weight": null,
                "model__gamma": "auto",
                "model__kernel": "rbf"
            },
            {
                "model__C": 0.1,
                "model__class_weight": "balanced",
                "model__gamma": "scale",
                "model__kernel": "linear"
            },
            {
                "model__C": 0.1,
                "model__class_weight": "balanced",
                "model__gamma": "scale",
                "model__kernel": "rbf"
            },
            {
                "model__C": 0.1,
                "model__class_weight": "balanced",
                "model__gamma": "auto",
                "model__kernel": "linear"
            },
            {
                "model__C": 0.1,
                "model__class_weight": "balanced",
                "model__gamma": "auto",
                "model__kernel": "rbf"
            },
            {
                "model__C": 1,
                "model__class_weight": null,
                "model__gamma": "scale",
                "model__kernel": "linear"
            },
            {
                "model__C": 1,
                "model__class_weight": null,
                "model__gamma": "scale",
                "model__kernel": "rbf"
            },
            {
                "model__C": 1,
                "model__class_weight": null,
                "model__gamma": "auto",
                "model__kernel": "linear"
            },
            {
                "model__C": 1,
                "model__class_weight": null,
                "model__gamma": "auto",
                "model__kernel": "rbf"
            },
            {
                "model__C": 1,
                "model__class_weight": "balanced",
                "model__gamma": "scale",