{
    "best_params": {
        "model__C": 10,
        "model__gamma": 0.01,
        "model__kernel": "rbf"
    },
    "best_score_cv": 0.5900660031508091,
    "test_score": 0.6140939597315436,
    "cv_results": {
        "mean_fit_time": [
            8.231644535064698,
            8.160877990722657,
            7.562486839294434,
            7.638537311553955,
            7.441059207916259,
            7.998492336273193,
            7.593310213088989,
            8.253763055801391,
            12.480999755859376,
            7.426358604431153,
            12.177837467193603,
            6.618741893768311,
            12.09479923248291,
            6.43612904548645,
            11.878585004806519,
            6.303607416152954,
            50.254760932922366,
            5.064013528823852,
            53.45405097007752,
            4.834872484207153,
            64.62008390426635,
            4.794925403594971,
            69.70245146751404,
            5.626250410079956,
            97.49614520072937,
            5.083147859573364,
            99.9363821029663,
            6.055661392211914,
            106.91143369674683,
            5.518081855773926,
            85.03018980026245,
            5.527494287490844
        ],
        "std_fit_time": [
            0.17319670004183427,
            0.4181832701058048,
            0.13804343474195144,
            0.05111511969484764,
            0.20640084441033282,
            0.046425795249157305,
            0.3792663428770978,
            0.2312878124227801,
            0.599903946522377,
            0.10547123509631554,
            0.690020545611758,
            0.7577710945538448,
            0.5821919341028426,
            0.4757053688025877,
            0.6073400011032124,
            0.6485320886543665,
            3.207429253762858,
            0.5943273424281308,
            5.0811430135036995,
            0.3665749507175166,
            4.660544326971778,
            0.24533923334446925,
            3.6145468180077795,
            0.2259343549215714,
            11.013844830680155,
            0.6524869901256576,
            14.69301147547794,
            0.8273603349967708,
            13.12615473590616,
            0.4627636522786118,
            9.918232363002787,
            0.4317377542622478
        ],
        "mean_score_time": [
            1.530583143234253,
            3.138553524017334,
            1.5455108165740967,
            3.0679288864135743,
            1.3796622276306152,
            2.822399711608887,
            1.5642923355102538,
            3.4364715576171876,
            1.3980926036834718,
            2.327095317840576,
            1.3170494079589843,
            2.9071507930755613,
            1.4504281997680664,
            3.1345693111419677,
            1.3052617073059083,
            2.8412471294403074,
            0.8452561855316162,
            2.060674619674683,
            0.9424377918243408,
            2.299214792251587,
            0.8736016273498535,
            2.548190402984619,
            0.8222685337066651,
            3.766375923156738,
            0.7577738761901855,
            2.7731125831604,
            0.8206668376922608,
            3.5278138160705566,
            0.8320991039276123,
            3.001437187194824,
            0.5665180683135986,
            2.7267834663391115
        ],
        "std_score_time": [
            0.05372595692810032,
            0.03379353263954267,
            0.059752785103531623,
            0.13343829849802363,
            0.1317888167740062,
            0.025927466643370613,
            0.27432393169810193,
            0.0931968343197091,
            0.27270346079561797,
            0.24958833829496477,
            0.18115969601614437,
            0.3769233740930293,
            0.1439144817338557,
            0.16030011349342754,
            0.16499446708589197,
            0.29346459794038404,
            0.08978979863363887,
            0.16405254662110808,
            0.10625171069697062,
            0.31709328644773493,
            0.0830147753635589,
            0.3796872067226772,
            0.0612592794506739,
            0.5282551974323185,
            0.11051183944420477,
            0.5149486837512709,
            0.142993479547857,
            0.8624312888055218,
            0.0928304354696055,
            0.22576680074682753,
            0.06653792619530748,
            0.43263342177654274
        ],
        "param_model__C": [
            0.1,
            0.1,
            0.1,
            0.1,
            0.1,
            0.1,
            0.1,
            0.1,
            1.0,
            1.0,
            1.0,
            1.0,
            1.0,
            1.0,
            1.0,
            1.0,
            10.0,
            10.0,
            10.0,
            10.0,
            10.0,
            10.0,
            10.0,
            10.0,
            100.0,
            100.0,
            100.0,
            100.0,
            100.0,
            100.0,
            100.0,
            100.0
        ],
        "param_model__gamma": [
            0.001,
            0.001,
            0.01,
            0.01,
            0.1,
            0.1,
            1.0,
            1.0,
            0.001,
            0.001,
            0.01,
            0.01,
            0.1,
            0.1,
            1.0,
            1.0,
            0.001,
            0.001,
            0.01,
            0.01,
            0.1,
            0.1,
            1.0,
            1.0,
            0.001,
            0.001,
            0.01,
            0.01,
            0.1,
            0.1,
            1.0,
            1.0
        ],
        "param_model__kernel": [
            "linear",
            "rbf",
            "linear",
            "rbf",
            "linear",
            "rbf",
            "linear",
            "rbf",
            "linear",
            "rbf",
            "linear",
            "rbf",
            "linear",
            "rbf",
            "linear",
            "rbf",
            "linear",
            "rbf",
            "linear",
            "rbf",
            "linear",
            "rbf",
            "linear",
            "rbf",
            "linear",
            "rbf",
            "linear",
            "rbf",
            "linear",
            "rbf",
            "linear",
            "rbf"
        ],
        "params": [
            {
                "model__C": 0.1,
                "model__gamma": 0.001,
                "model__kernel": "linear"
            },
            {
                "model__C": 0.1,
                "model__gamma": 0.001,
                "model__kernel": "rbf"
            },
            {
                "model__C": 0.1,
                "model__gamma": 0.01,
                "model__kernel": "linear"
            },
            {
                "model__C": 0.1,
                "model__gamma": 0.01,
                "model__kernel": "rbf"
            },
            {
                "model__C": 0.1,
                "model__gamma": 0.1,
                "model__kernel": "linear"
            },
            {
                "model__C": 0.1,
                "model__gamma": 0.1,
                "model__kernel": "rbf"
            },
            {
                "model__C": 0.1,
                "model__gamma": 1,
                "model__kernel": "linear"
            },
            {
                "model__C": 0.1,
                "model__gamma": 1,
                "model__kernel": "rbf"
            },
            {
                "model__C": 1,
                "model__gamma": 0.001,
                "model__kernel": "linear"
            },
            {
                "model__C": 1,
                "model__gamma": 0.001,
                "model__kernel": "rbf"
            },
            {
                "model__C": 1,
                "model__gamma": 0.01,
                "model__kernel": "linear"
            },
            {
                "model__C": 1,
                "model__gamma": 0.01,