{
    "best_params": {
        "model__C": 1,
        "model__class_weight": null,
        "model__gamma": "scale",
        "model__kernel": "rbf"
    },
    "best_score_cv": 0.5216625971143174,
    "test_score": 0.49624060150375937,
    "cv_results": {
        "mean_fit_time": [
            8.313269186019898,
            8.392637252807617,
            8.553929948806763,
            8.33564395904541,
            8.049832391738892,
            8.106581830978394,
            8.185039901733399,
            8.632540512084962,
            12.521714305877685,
            6.747233057022095,
            12.449468326568603,
            5.798316144943238,
            13.672280025482177,
            6.166240978240967,
            15.213931703567505,
            6.598273992538452,
            53.406024885177615,
            5.5906633853912355,
            51.262395572662356,
            4.371920871734619,
            57.589198398590085,
            4.180249786376953,
            53.97875008583069,
            5.3043347835540775
        ],
        "std_fit_time": [
            0.03808271681346575,
            0.14973041242234839,
            0.12891403524024694,
            0.18738495056893475,
            0.259223367672249,
            0.07895992131291145,
            0.3321762385235322,
            0.06541644562194658,
            0.7631602667075994,
            0.14734893388852421,
            0.8667070252757775,
            1.1155772080693085,
            1.2629138405676041,
            1.3706825074587132,
            1.3010208935841676,
            1.300755510440213,
            6.515629839368313,
            1.3841668266016267,
            8.457178131950158,
            0.19437878500670636,
            7.411818984968078,
            0.20095700747588674,
            6.686527150022574,
            0.3762912326056575
        ],
        "mean_score_time": [
            1.5141257286071776,
            3.434703254699707,
            1.611151123046875,
            3.0586048126220704,
            1.3454790115356445,
            2.8102760314941406,
            1.3619553565979003,
            3.0300676345825197,
            1.3023704528808593,
            2.1148845195770263,
            1.2467835903167725,
            2.6159168243408204,
            1.4475632667541505,
            3.017779588699341,
            1.4109935760498047,
            2.928775691986084,
            0.7262323379516602,
            2.1398478031158445,
            0.8538293838500977,
            2.4023459911346436,
            0.7559130668640137,
            2.0267921924591064,
            0.6280128002166748,
            2.820761728286743
        ],
        "std_score_time": [
            0.029110226849144376,
            0.04957006510826831,
            0.06775174886976845,
            0.23446002058358983,
            0.17796433506193934,
            0.025998255229758818,
            0.13434303815531567,
            0.0527215135506442,
            0.16309137590608888,
            0.4797599701110379,
            0.1929566980332895,
            0.33835428400529693,
            0.3282017107535962,
            0.5557284740522581,
            0.2474770672393251,
            0.6600126088121896,
            0.10568557208869307,
            0.14587523381463216,
            0.11527144646585094,
            0.14908620184528354,
            0.09515895239427394,
            0.22215424075994633,
            0.08331966539930553,
            0.2270382690819274
        ],
        "param_model__C": [
            0.1,
            0.1,
            0.1,
            0.1,
            0.1,
            0.1,
            0.1,
            0.1,
            1.0,
            1.0,
            1.0,
            1.0,
            1.0,
            1.0,
            1.0,
            1.0,
            10.0,
            10.0,
            10.0,
            10.0,
            10.0,
            10.0,
            10.0,
            10.0
        ],
        "param_model__class_weight": [
            null,
            null,
            null,
            null,
            "balanced",
            "balanced",
            "balanced",
            "balanced",
            null,
            null,
            null,
            null,
            "balanced",
            "balanced",
            "balanced",
            "balanced",
            null,
            null,
            null,
            null,
            "balanced",
            "balanced",
            "balanced",
            "balanced"
        ],
        "param_model__gamma": [
            "scale",
            "scale",
            "auto",
            "auto",
            "scale",
            "scale",
            "auto",
            "auto",
            "scale",
            "scale",
            "auto",
            "auto",
            "scale",
            "scale",
            "auto",
            "auto",
            "scale",
            "scale",
            "auto",
            "auto",
            "scale",
            "scale",
            "auto",
            "auto"
        ],
        "param_model__kernel": [
            "linear",
            "rbf",
            "linear",
            "rbf",
            "linear",
            "rbf",
            "linear",
            "rbf",
            "linear",
            "rbf",
            "linear",
            "rbf",
            "linear",
            "rbf",
            "linear",
            "rbf",
            "linear",
            "rbf",
            "linear",
            "rbf",
            "linear",
            "rbf",
            "linear",
            "rbf"
        ],
        "params": [
            {
                "model__C": 0.1,
                "model__class_weight": null,
                "model__gamma": "scale",
                "model__kernel": "linear"
            },
            {
                "model__C": 0.1,
                "model__class_weight": null,
                "model__gamma": "scale",
                "model__kernel": "rbf"
            },
            {
                "model__C": 0.1,
                "model__class_weight": null,
                "model__gamma": "auto",
                "model__kernel": "linear"
            },
            {
                "model__C": 0.1,
                "model__class_weight": null,
                "model__gamma": "auto",
                "model__kernel": "rbf"
            },
            {
                "model__C": 0.1,
                "model__class_weight": "balanced",
                "model__gamma": "scale",
                "model__kernel": "linear"
            },
            {
                "model__C": 0.1,
                "model__class_weight": "balanced",
                "model__gamma": "scale",
                "model__kernel": "rbf"
            },
            {
                "model__C": 0.1,
                "model__class_weight": "balanced",
                "model__gamma": "auto",
                "model__kernel": "linear"
            },
            {
                "model__C": 0.1,
                "model__class_weight": "balanced",
                "model__gamma": "auto",
                "model__kernel": "rbf"
            },
            {
                "model__C": 1,
                "model__class_weight": null,
                "model__gamma": "scale",
                "model__kernel": "linear"
            },
            {
                "model__C": 1,
                "model__class_weight": null,
                "model__gamma": "scale",
                "model__kernel": "rbf"
            },
            {
                "model__C": 1,
                "model__class_weight": null,
                "model__gamma": "auto",
                "model__kernel": "linear"
            },
            {
                "model__C": 1,
                "model__class_weight": null,
                "model__gamma": "auto",
                "model__kernel": "rbf"
            },
            {
                "model__C": 1,
                "model__class_weight": "balanced",
                "model__gamma": "scale",