{
    "batch_size": 16,
    "model": "DGCNN",
    "params": {
        "hid_channels": 512,
        "lr": 0.001,
        "max_epochs": 500,
        "num_layers": 2
    },
    "run_counter": 4,
    "run_id": "1728197136",
    "run_name": "podział fal co 10",
    "test_accuracy": 0.6497175097465515,
    "test_loss": 0.612430989742279,
    "timestamp": "2024-10-06T10:21:27.833328"
}