{
    "batch_size": 16,
    "model": "DGCNN",
    "params": {
        "hid_channels": 512,
        "lr": 0.001,
        "max_epochs": 500,
        "num_layers": 2
    },
    "run_counter": 4,
    "run_id": "1728172083",
    "run_name": "podział fal co 5",
    "test_accuracy": 0.6082862615585327,
    "test_loss": 0.6702465415000916,
    "timestamp": "2024-10-06T02:44:35.318142"
}