{
    "batch_size": 16,
    "model": "DGCNN",
    "params": {
        "hid_channels": 512,
        "lr": 0.001,
        "max_epochs": 500,
        "num_layers": 2
    },
    "run_counter": 1,
    "run_id": "1728197136",
    "run_name": "podział fal co 10",
    "test_accuracy": 0.6685498952865601,
    "test_loss": 0.5755757689476013,
    "timestamp": "2024-10-06T09:10:47.711974"
}