{
    "fpr": [
        0.0,
        0.04,
        0.04,
        0.08,
        0.08,
        0.16,
        0.16,
        0.24,
        0.24,
        0.28,
        0.28,
        0.32,
        0.32,
        0.4,
        0.44,
        0.44,
        0.52,
        0.52,
        0.56,
        0.64,
        0.68,
        0.68,
        1.0,
        1.0
    ],
    "tpr": [
        0.0,
        0.038461538461538464,
        0.15384615384615385,
        0.15384615384615385,
        0.3076923076923077,
        0.3076923076923077,
        0.4230769230769231,
        0.4230769230769231,
        0.5,
        0.5,
        0.5384615384615384,
        0.5384615384615384,
        0.5769230769230769,
        0.5769230769230769,
        0.6153846153846154,
        0.6923076923076923,
        0.7307692307692307,
        0.7692307692307693,
        0.7692307692307693,
        0.7692307692307693,
        0.8076923076923077,
        0.9615384615384616,
        0.9615384615384616,
        1.0
    ],
    "thresholds_roc": [
        Infinity,
        1532.0,
        1300.0,
        1260.0,
        1072.0,
        932.0,
        884.0,
        832.0,
        796.0,
        784.0,
        776.0,
        772.0,
        768.0,
        740.0,
        728.0,
        704.0,
        696.0,
        684.0,
        664.0,
        652.0,
        648.0,
        604.0,
        488.0,
        468.0
    ],
    "roc_auc": 0.6653846153846154
}