{
    "threshold": 568.0,
    "accuracy": 0.36538461538461536,
    "precision": 0.1111111111111111,
    "recall": 0.038461538461538464,
    "f1_score": 0.05714285714285714
}